Image name,Width,Height,xmin,ymin,xmax,ymax,Class
0/11 2019-02-06_20-32.png,768,574,423,95,498,147,medium
0/11 2019-02-06_20-32.png,768,574,296,133,368,192,medium
0/11 2019-02-06_20-32.png,768,574,34,180,86,220,low
0/11 2019-02-06_20-32.png,768,574,389,187,458,236,medium
0/11 2019-02-06_20-32.png,768,574,230,235,286,278,low
0/11 2019-02-06_20-32.png,768,574,432,248,582,302,medium
0/11 2019-02-06_20-32.png,768,574,289,406,360,449,low
0/11 2019-02-06_20-32.png,768,574,255,482,312,525,low
0/12 2019-02-06_20-32.png,768,574,315,0,369,36,low
0/12 2019-02-06_20-32.png,768,574,396,94,467,140,low
0/12 2019-02-06_20-32.png,768,574,224,120,279,159,medium
0/12 2019-02-06_20-32.png,768,574,51,356,101,394,low
0/12 2019-02-06_20-32.png,768,574,92,360,150,404,low
0/12 2019-02-06_20-32.png,768,574,518,428,595,478,low
0/12 2019-02-06_20-32.png,768,574,300,482,365,529,medium
0/12 2019-02-06_20-32.png,768,574,560,3,608,43,low
0/12 2019-02-06_20-32.png,768,574,659,131,739,201,low
0/21 2019-02-06_20-32.png,768,574,452,2,526,50,medium
0/21 2019-02-06_20-32.png,768,574,233,143,298,180,medium
0/21 2019-02-06_20-32.png,768,574,407,227,477,272,medium
0/21 2019-02-06_20-32.png,768,574,132,262,179,300,low
0/21 2019-02-06_20-32.png,768,574,158,295,210,334,low
0/21 2019-02-06_20-32.png,768,574,4,338,67,383,medium
0/21 2019-02-06_20-32.png,768,574,389,389,453,430,medium
0/22 2019-02-06_20-32.png,768,574,702,5,768,49,low
0/22 2019-02-06_20-32.png,768,574,283,18,345,58,low
0/22 2019-02-06_20-32.png,768,574,120,79,175,121,low
0/22 2019-02-06_20-32.png,768,574,688,108,761,156,medium
0/22 2019-02-06_20-32.png,768,574,396,183,535,240,medium
0/22 2019-02-06_20-32.png,768,574,125,198,255,269,high
0/22 2019-02-06_20-32.png,768,574,156,321,218,372,medium
0/22 2019-02-06_20-32.png,768,574,357,380,413,426,low
0/22 2019-02-06_20-32.png,768,574,410,440,488,485,medium
0/25 2019-02-06_20-32.png,768,574,138,0,206,45,medium
0/25 2019-02-06_20-32.png,768,574,260,65,396,113,medium
0/25 2019-02-06_20-32.png,768,574,0,99,57,142,low
0/25 2019-02-06_20-32.png,768,574,323,104,402,154,medium
0/25 2019-02-06_20-32.png,768,574,115,112,180,161,medium
0/25 2019-02-06_20-32.png,768,574,451,134,525,180,low
0/25 2019-02-06_20-32.png,768,574,200,177,260,222,low
0/25 2019-02-06_20-32.png,768,574,552,278,629,335,medium
0/25 2019-02-06_20-32.png,768,574,455,327,513,364,low
0/25 2019-02-06_20-32.png,768,574,203,286,265,330,low
0/25 2019-02-06_20-32.png,768,574,216,348,300,396,low
0/25 2019-02-06_20-32.png,768,574,567,378,710,440,high
0/25 2019-02-06_20-32.png,768,574,0,415,61,454,medium
0/25 2019-02-06_20-32.png,768,574,423,429,490,470,medium
0/27 2019-02-06_20-32.png,768,574,83,10,138,50,medium
0/27 2019-02-06_20-32.png,768,574,163,50,225,92,medium
0/27 2019-02-06_20-32.png,768,574,242,61,398,106,high
0/27 2019-02-06_20-32.png,768,574,123,147,182,186,low
0/27 2019-02-06_20-32.png,768,574,268,237,338,274,medium
0/27 2019-02-06_20-32.png,768,574,205,277,259,320,low
0/27 2019-02-06_20-32.png,768,574,498,212,663,272,high
0/29 2019-02-06_20-32.png,768,574,508,71,657,167,medium
0/29 2019-02-06_20-32.png,768,574,213,504,282,556,medium
0/3 2019-02-06_20-32.png,768,574,218,1,280,44,medium
0/3 2019-02-06_20-32.png,768,574,279,65,347,108,medium
0/3 2019-02-06_20-32.png,768,574,9,128,64,167,low
0/3 2019-02-06_20-32.png,768,574,215,256,277,289,low
0/3 2019-02-06_20-32.png,768,574,28,248,80,287,low
0/3 2019-02-06_20-32.png,768,574,276,299,342,337,medium
0/3 2019-02-06_20-32.png,768,574,494,342,566,411,low
0/3 2019-02-06_20-32.png,768,574,339,403,409,440,medium
0/3 2019-02-06_20-32.png,768,574,460,483,525,521,medium
0/3 2019-02-06_20-32.png,768,574,549,499,627,544,medium
0/30 2019-02-06_20-32.png,768,574,457,122,614,168,medium
0/30 2019-02-06_20-32.png,768,574,345,24,393,63,low
0/30 2019-02-06_20-32.png,768,574,279,160,346,208,medium
0/30 2019-02-06_20-32.png,768,574,108,182,182,235,medium
0/30 2019-02-06_20-32.png,768,574,292,260,367,319,low
0/30 2019-02-06_20-32.png,768,574,470,292,661,369,high
0/31 2019-02-06_20-32.png,768,574,405,233,591,311,high
0/31 2019-02-06_20-32.png,768,574,498,108,710,189,high
0/31 2019-02-06_20-32.png,768,574,375,8,504,65,medium
0/31 2019-02-06_20-32.png,768,574,564,19,665,67,low
0/31 2019-02-06_20-32.png,768,574,228,237,403,322,high
0/31 2019-02-06_20-32.png,768,574,251,123,410,176,high
0/31 2019-02-06_20-32.png,768,574,444,384,595,459,medium
0/33 2019-02-06_20-32.png,768,574,396,90,460,134,low
0/33 2019-02-06_20-32.png,768,574,255,196,422,266,high
0/33 2019-02-06_20-32.png,768,574,96,259,159,303,low
0/33 2019-02-06_20-32.png,768,574,500,295,660,374,high
0/33 2019-02-06_20-32.png,768,574,155,369,204,401,medium
0/33 2019-02-06_20-32.png,768,574,579,415,654,463,low
0/34 2019-02-06_20-32.png,768,574,386,14,446,60,low
0/34 2019-02-06_20-32.png,768,574,230,21,286,64,low
0/34 2019-02-06_20-32.png,768,574,493,111,565,161,low
0/34 2019-02-06_20-32.png,768,574,124,125,182,168,low
0/34 2019-02-06_20-32.png,768,574,566,226,628,271,low
0/34 2019-02-06_20-32.png,768,574,54,297,112,339,low
0/35 2019-02-06_20-32.png,768,574,144,179,209,216,low
0/35 2019-02-06_20-32.png,768,574,232,315,301,359,medium
0/35 2019-02-06_20-32.png,768,574,356,345,502,410,high
0/35 2019-02-06_20-32.png,768,574,285,468,438,530,high
0/36 2019-02-06_20-32.png,768,574,287,102,364,145,medium
0/36 2019-02-06_20-32.png,768,574,455,246,643,312,medium
0/36 2019-02-06_20-32.png,768,574,617,91,765,156,medium
0/37 2019-02-06_20-32.png,768,574,192,66,250,106,low
0/37 2019-02-06_20-32.png,768,574,301,67,369,107,medium
0/37 2019-02-06_20-32.png,768,574,222,111,278,153,low
0/37 2019-02-06_20-32.png,768,574,383,121,453,165,low
0/37 2019-02-06_20-32.png,768,574,326,322,390,365,medium
0/37 2019-02-06_20-32.png,768,574,231,367,285,398,medium
0/37 2019-02-06_20-32.png,768,574,217,468,274,507,low
0/37 2019-02-06_20-32.png,768,574,473,519,548,561,medium
0/39 2019-02-06_20-32.png,768,574,286,79,337,122,low
0/39 2019-02-06_20-32.png,768,574,122,90,171,126,low
0/39 2019-02-06_20-32.png,768,574,226,104,277,146,low
0/39 2019-02-06_20-32.png,768,574,561,145,657,206,medium
0/39 2019-02-06_20-32.png,768,574,186,203,237,240,low
0/39 2019-02-06_20-32.png,768,574,316,495,370,537,low
0/39 2019-02-06_20-32.png,768,574,566,502,654,546,low
0/4 2019-02-06_20-32.png,768,574,273,50,535,183,medium
0/4 2019-02-06_20-32.png,768,574,659,224,743,277,medium
0/4 2019-02-06_20-32.png,768,574,124,263,182,308,low
0/4 2019-02-06_20-32.png,768,574,251,248,416,325,medium
0/4 2019-02-06_20-32.png,768,574,509,376,576,461,low
0/40 2019-02-06_20-32.png,768,574,228,114,313,165,low
0/40 2019-02-06_20-32.png,768,574,352,249,426,312,medium
0/40 2019-02-06_20-32.png,768,574,242,333,322,376,medium
0/41 2019-02-06_20-32.png,768,574,321,116,380,198,low
0/41 2019-02-06_20-32.png,768,574,332,268,404,358,low
0/41 2019-02-06_20-32.png,768,574,466,90,535,161,low
0/41 2019-02-06_20-32.png,768,574,554,61,674,134,medium
0/41 2019-02-06_20-32.png,768,574,153,455,229,525,low
0/42 2019-02-06_20-32.png,768,574,216,32,262,68,low
0/42 2019-02-06_20-32.png,768,574,399,109,447,146,medium
0/42 2019-02-06_20-32.png,768,574,349,137,394,176,low
0/42 2019-02-06_20-32.png,768,574,88,166,130,201,low
0/42 2019-02-06_20-32.png,768,574,353,179,401,219,low
0/44 2019-02-06_20-32.png,768,574,102,14,169,56,medium
0/44 2019-02-06_20-32.png,768,574,351,25,413,75,low
0/44 2019-02-06_20-32.png,768,574,153,135,228,177,medium
0/44 2019-02-06_20-32.png,768,574,0,198,58,242,low
0/44 2019-02-06_20-32.png,768,574,346,402,415,455,low
0/44 2019-02-06_20-32.png,768,574,21,407,79,450,low
0/44 2019-02-06_20-32.png,768,574,611,478,681,535,low
0/44 2019-02-06_20-32.png,768,574,672,483,744,540,low
0/44 2019-02-06_20-32.png,768,574,222,519,288,565,low
0/44 2019-02-06_20-32.png,768,574,243,124,414,167,high
0/45 2019-02-06_20-32.png,768,574,122,13,173,57,low
0/45 2019-02-06_20-32.png,768,574,530,114,608,159,medium
0/45 2019-02-06_20-32.png,768,574,384,118,451,167,medium
0/45 2019-02-06_20-32.png,768,574,582,236,661,282,medium
0/45 2019-02-06_20-32.png,768,574,339,282,411,328,medium
0/45 2019-02-06_20-32.png,768,574,428,296,498,347,low
0/45 2019-02-06_20-32.png,768,574,235,313,293,354,low
0/45 2019-02-06_20-32.png,768,574,14,464,72,503,medium
0/45 2019-02-06_20-32.png,768,574,194,501,266,544,medium
0/45 2019-02-06_20-32.png,768,574,450,508,518,555,low
0/47 2019-02-06_20-32.png,768,574,236,78,292,120,low
0/47 2019-02-06_20-32.png,768,574,649,78,728,137,medium
0/47 2019-02-06_20-32.png,768,574,59,138,112,180,low
0/47 2019-02-06_20-32.png,768,574,365,162,424,204,low
0/47 2019-02-06_20-32.png,768,574,209,168,262,209,low
0/47 2019-02-06_20-32.png,768,574,473,260,536,307,low
0/47 2019-02-06_20-32.png,768,574,103,272,156,314,low
0/47 2019-02-06_20-32.png,768,574,542,371,603,419,low
0/47 2019-02-06_20-32.png,768,574,34,445,83,484,low
0/5 2019-02-06_20-32.png,768,574,494,110,568,156,medium
0/5 2019-02-06_20-32.png,768,574,221,173,289,214,low
0/5 2019-02-06_20-32.png,768,574,86,197,144,233,medium
0/5 2019-02-06_20-32.png,768,574,46,228,101,266,medium
0/5 2019-02-06_20-32.png,768,574,428,300,496,336,low
0/5 2019-02-06_20-32.png,768,574,98,292,147,333,low
0/5 2019-02-06_20-32.png,768,574,242,293,298,334,low
0/5 2019-02-06_20-32.png,768,574,491,344,562,384,medium
0/5 2019-02-06_20-32.png,768,574,554,449,632,486,medium
0/5 2019-02-06_20-32.png,768,574,88,498,158,541,low
0/5 2019-02-06_20-32.png,768,574,674,529,740,570,medium
0/8 2019-02-06_20-32.png,768,574,402,44,543,96,medium
0/8 2019-02-06_20-32.png,768,574,370,101,543,147,high
0/8 2019-02-06_20-32.png,768,574,71,243,122,286,low
0/8 2019-02-06_20-32.png,768,574,181,253,243,295,low
0/8 2019-02-06_20-32.png,768,574,372,334,429,377,low
0/9 2019-02-06_20-32.png,768,574,300,240,368,284,medium
0/9 2019-02-06_20-32.png,768,574,261,77,333,124,low
0/9 2019-02-06_20-32.png,768,574,209,78,270,126,low
0/9 2019-02-06_20-32.png,768,574,139,151,204,195,low
0/9 2019-02-06_20-32.png,768,574,340,152,409,204,medium
0/9 2019-02-06_20-32.png,768,574,300,240,383,284,medium
0/9 2019-02-06_20-32.png,768,574,414,262,574,329,medium
0/9 2019-02-06_20-32.png,768,574,263,377,332,430,medium
0/9 2019-02-06_20-32.png,768,574,566,431,629,480,low
150/48 2019-02-06_20-32.png,768,574,326,248,408,314,medium
150/48 2019-02-06_20-32.png,768,574,427,234,524,306,medium
150/48 2019-02-06_20-32.png,768,574,336,122,407,167,medium
150/48 2019-02-06_20-32.png,768,574,366,71,450,118,medium
150/49 2019-02-06_20-32.png,768,574,294,336,355,389,low
150/49 2019-02-06_20-32.png,768,574,372,318,439,397,medium
150/49 2019-02-06_20-32.png,768,574,482,142,668,191,medium
150/49 2019-02-06_20-32.png,768,574,339,82,497,129,medium
150/49 2019-02-06_20-32.png,768,574,441,475,626,563,high
150/49 2019-02-06_20-32.png,768,574,428,478,653,568,high
150/52 2019-02-06_20-32.png,768,574,156,269,233,339,low
150/52 2019-02-06_20-32.png,768,574,387,226,468,275,medium
150/52 2019-02-06_20-32.png,768,574,551,62,707,116,medium
150/53 2019-02-06_20-32.png,768,574,394,84,545,143,high
150/53 2019-02-06_20-32.png,768,574,273,168,349,224,medium
150/53 2019-02-06_20-32.png,768,574,558,312,619,360,low
150/53 2019-02-06_20-32.png,768,574,236,325,299,369,medium
150/53 2019-02-06_20-32.png,768,574,508,452,679,514,high
150/53 2019-02-06_20-32.png,768,574,359,497,512,549,medium
150/54 2019-02-06_20-32.png,768,574,396,99,475,144,medium
150/54 2019-02-06_20-32.png,768,574,91,120,150,163,low
150/54 2019-02-06_20-32.png,768,574,22,183,78,225,medium
150/54 2019-02-06_20-32.png,768,574,595,315,677,366,medium
150/59 2019-02-06_20-32.png,768,574,469,88,668,167,medium
150/59 2019-02-06_20-32.png,768,574,179,146,239,190,medium
150/59 2019-02-06_20-32.png,768,574,43,186,94,227,low
150/59 2019-02-06_20-32.png,768,574,524,202,711,268,high
150/59 2019-02-06_20-32.png,768,574,490,333,560,378,medium
150/59 2019-02-06_20-32.png,768,574,684,334,754,383,low
150/59 2019-02-06_20-32.png,768,574,93,353,142,393,low
150/59 2019-02-06_20-32.png,768,574,324,386,390,428,medium
150/59 2019-02-06_20-32.png,768,574,686,389,768,433,medium
150/59 2019-02-06_20-32.png,768,574,473,470,537,510,medium
150/59 2019-02-06_20-32.png,768,574,80,480,130,522,low
150/60 2019-02-06_20-32.png,768,574,53,168,184,234,medium
150/60 2019-02-06_20-32.png,768,574,619,198,676,244,low
150/60 2019-02-06_20-32.png,768,574,470,288,626,343,high
150/60 2019-02-06_20-32.png,768,574,582,356,653,403,low
150/60 2019-02-06_20-32.png,768,574,367,472,437,517,medium
150/61 2019-02-06_20-32.png,768,574,400,22,485,68,medium
150/61 2019-02-06_20-32.png,768,574,220,66,284,110,medium
150/61 2019-02-06_20-32.png,768,574,48,120,99,159,low
150/61 2019-02-06_20-32.png,768,574,275,171,422,230,high
150/61 2019-02-06_20-32.png,768,574,426,205,584,272,high
150/61 2019-02-06_20-32.png,768,574,17,273,66,312,low
150/61 2019-02-06_20-32.png,768,574,318,314,394,357,medium
150/61 2019-02-06_20-32.png,768,574,288,398,341,441,low
150/61 2019-02-06_20-32.png,768,574,444,77,511,126,low
150/62 2019-02-06_20-32.png,768,574,406,152,463,195,low
150/62 2019-02-06_20-32.png,768,574,303,169,358,210,low
150/62 2019-02-06_20-32.png,768,574,392,253,458,292,medium
150/62 2019-02-06_20-32.png,768,574,502,304,564,346,medium
150/62 2019-02-06_20-32.png,768,574,603,311,696,362,medium
150/62 2019-02-06_20-32.png,768,574,509,432,570,472,medium
150/64 2019-02-06_20-32.png,768,574,66,11,121,50,medium
150/64 2019-02-06_20-32.png,768,574,74,163,129,203,low
150/64 2019-02-06_20-32.png,768,574,650,189,732,239,medium
150/64 2019-02-06_20-32.png,768,574,115,194,178,230,medium
150/64 2019-02-06_20-32.png,768,574,223,244,279,285,low
150/64 2019-02-06_20-32.png,768,574,236,443,296,486,low
150/64 2019-02-06_20-32.png,768,574,603,368,761,429,medium
150/65 2019-02-06_20-32.png,768,574,129,31,193,74,medium
150/65 2019-02-06_20-32.png,768,574,444,100,517,156,low
150/65 2019-02-06_20-32.png,768,574,87,140,151,183,medium
150/65 2019-02-06_20-32.png,768,574,174,149,240,194,low
150/65 2019-02-06_20-32.png,768,574,238,191,312,234,medium
150/65 2019-02-06_20-32.png,768,574,614,221,700,271,medium
150/65 2019-02-06_20-32.png,768,574,368,244,448,296,medium
150/65 2019-02-06_20-32.png,768,574,558,268,635,323,medium
150/65 2019-02-06_20-32.png,768,574,254,325,321,370,medium
150/65 2019-02-06_20-32.png,768,574,591,401,664,458,low
150/65 2019-02-06_20-32.png,768,574,240,451,326,498,medium
150/65 2019-02-06_20-32.png,768,574,172,470,225,507,medium
150/66 2019-02-06_20-32.png,768,574,399,179,462,227,low
150/66 2019-02-06_20-32.png,768,574,196,228,259,275,medium
150/66 2019-02-06_20-32.png,768,574,99,238,156,281,low
150/66 2019-02-06_20-32.png,768,574,223,374,284,423,low
150/66 2019-02-06_20-32.png,768,574,203,415,265,460,low
150/66 2019-02-06_20-32.png,768,574,209,492,268,537,low
150/68 2019-02-06_20-32.png,768,574,418,72,503,123,medium
150/68 2019-02-06_20-32.png,768,574,99,128,150,169,low
150/68 2019-02-06_20-32.png,768,574,253,260,319,301,medium
150/68 2019-02-06_20-32.png,768,574,62,278,110,318,low
150/68 2019-02-06_20-32.png,768,574,51,341,105,383,low
150/68 2019-02-06_20-32.png,768,574,199,454,266,496,low
150/68 2019-02-06_20-32.png,768,574,579,493,642,538,low
150/69 2019-02-06_20-32.png,768,574,404,96,477,129,low
150/69 2019-02-06_20-32.png,768,574,455,128,530,171,medium
150/69 2019-02-06_20-32.png,768,574,105,159,158,197,low
150/69 2019-02-06_20-32.png,768,574,305,181,362,224,low
150/69 2019-02-06_20-32.png,768,574,217,227,271,270,low
150/69 2019-02-06_20-32.png,768,574,382,260,441,303,low
150/72 2019-02-06_20-32.png,768,574,345,90,410,133,low
150/72 2019-02-06_20-32.png,768,574,41,156,91,192,low
150/72 2019-02-06_20-32.png,768,574,240,178,292,219,low
150/72 2019-02-06_20-32.png,768,574,153,223,206,264,low
150/72 2019-02-06_20-32.png,768,574,318,256,374,299,low
150/72 2019-02-06_20-32.png,768,574,686,412,748,460,low
150/77 2019-02-06_20-32.png,768,574,519,2,599,48,medium
150/77 2019-02-06_20-32.png,768,574,340,28,404,68,medium
150/77 2019-02-06_20-32.png,768,574,541,51,722,95,high
150/77 2019-02-06_20-32.png,768,574,172,56,226,95,low
150/77 2019-02-06_20-32.png,768,574,369,124,546,176,high
150/77 2019-02-06_20-32.png,768,574,306,205,468,255,high
150/77 2019-02-06_20-32.png,768,574,369,343,538,398,high
150/77 2019-02-06_20-32.png,768,574,471,465,565,513,medium
150/77 2019-02-06_20-32.png,768,574,351,484,410,527,low
150/78 2019-02-06_20-32.png,768,574,273,86,340,128,medium
150/78 2019-02-06_20-32.png,768,574,148,104,197,144,low
150/78 2019-02-06_20-32.png,768,574,253,235,320,276,medium
150/79 2019-02-06_20-32.png,768,574,150,32,210,75,low
150/79 2019-02-06_20-32.png,768,574,415,123,498,170,medium
150/79 2019-02-06_20-32.png,768,574,553,208,628,255,medium
150/79 2019-02-06_20-32.png,768,574,170,234,342,289,high
150/79 2019-02-06_20-32.png,768,574,189,294,241,336,low
150/79 2019-02-06_20-32.png,768,574,160,370,211,411,low
150/79 2019-02-06_20-32.png,768,574,528,400,606,449,medium
150/79 2019-02-06_20-32.png,768,574,327,386,509,444,high
150/81 2019-02-06_20-32.png,768,574,450,45,623,122,high
150/81 2019-02-06_20-32.png,768,574,397,46,456,98,low
150/81 2019-02-06_20-32.png,768,574,363,258,539,302,high
150/81 2019-02-06_20-32.png,768,574,359,310,416,355,low
150/81 2019-02-06_20-32.png,768,574,288,355,346,396,low
150/81 2019-02-06_20-32.png,768,574,522,405,587,453,low
150/81 2019-02-06_20-32.png,768,574,254,525,314,568,low
150/83 2019-02-06_20-32.png,768,574,487,1,552,52,low
150/83 2019-02-06_20-32.png,768,574,377,80,546,125,high
150/83 2019-02-06_20-32.png,768,574,24,155,88,204,medium
150/83 2019-02-06_20-32.png,768,574,554,184,714,253,medium
150/83 2019-02-06_20-32.png,768,574,250,272,308,316,medium
150/83 2019-02-06_20-32.png,768,574,582,400,659,445,medium
150/83 2019-02-06_20-32.png,768,574,586,479,659,526,medium
150/85 2019-02-06_20-32.png,768,574,180,16,236,60,low
150/85 2019-02-06_20-32.png,768,574,109,61,162,101,low
150/85 2019-02-06_20-32.png,768,574,344,109,410,158,medium
150/85 2019-02-06_20-32.png,768,574,76,231,134,272,medium
150/85 2019-02-06_20-32.png,768,574,170,357,243,409,medium
150/85 2019-02-06_20-32.png,768,574,89,365,141,400,medium
150/85 2019-02-06_20-32.png,768,574,435,498,553,544,medium
150/85 2019-02-06_20-32.png,768,574,367,476,442,520,medium
150/86 2019-02-06_20-32.png,768,574,302,32,370,76,medium
150/86 2019-02-06_20-32.png,768,574,435,117,502,160,medium
150/86 2019-02-06_20-32.png,768,574,72,202,121,242,low
150/86 2019-02-06_20-32.png,768,574,42,278,90,316,low
150/86 2019-02-06_20-32.png,768,574,411,306,481,355,medium
150/86 2019-02-06_20-32.png,768,574,210,303,390,349,high
150/87 2019-02-06_20-32.png,768,574,230,144,283,185,medium
150/87 2019-02-06_20-32.png,768,574,433,183,551,230,medium
150/87 2019-02-06_20-32.png,768,574,222,194,271,230,low
150/87 2019-02-06_20-32.png,768,574,337,244,390,287,low
150/87 2019-02-06_20-32.png,768,574,0,262,43,299,low
150/87 2019-02-06_20-32.png,768,574,145,401,192,440,low
150/87 2019-02-06_20-32.png,768,574,124,438,180,478,low
150/88 2019-02-06_20-32.png,768,574,245,7,296,47,medium
150/88 2019-02-06_20-32.png,768,574,63,41,112,81,low
150/88 2019-02-06_20-32.png,768,574,196,48,246,92,low
150/88 2019-02-06_20-32.png,768,574,211,96,260,137,low
150/88 2019-02-06_20-32.png,768,574,22,121,68,158,low
150/88 2019-02-06_20-32.png,768,574,448,221,513,267,low
150/88 2019-02-06_20-32.png,768,574,295,265,373,308,low
150/88 2019-02-06_20-32.png,768,574,216,312,270,350,medium
150/88 2019-02-06_20-32.png,768,574,613,338,683,381,low
150/88 2019-02-06_20-32.png,768,574,454,351,521,392,medium
150/88 2019-02-06_20-32.png,768,574,582,532,636,573,low
150/89 2019-02-06_20-32.png,768,574,266,14,322,53,low
150/89 2019-02-06_20-32.png,768,574,108,85,153,123,low
150/89 2019-02-06_20-32.png,768,574,184,115,253,153,medium
150/89 2019-02-06_20-32.png,768,574,169,225,252,261,medium
150/92 2019-02-06_20-32.png,768,574,562,24,640,71,medium
150/92 2019-02-06_20-32.png,768,574,350,32,501,99,high
150/92 2019-02-06_20-32.png,768,574,227,64,294,109,medium
150/92 2019-02-06_20-32.png,768,574,372,130,444,173,medium
150/92 2019-02-06_20-32.png,768,574,596,223,670,270,medium
150/92 2019-02-06_20-32.png,768,574,553,281,630,327,low
150/92 2019-02-06_20-32.png,768,574,138,286,206,334,medium
150/92 2019-02-06_20-32.png,768,574,284,300,364,349,medium
150/92 2019-02-06_20-32.png,768,574,217,318,275,360,medium
150/92 2019-02-06_20-32.png,768,574,55,490,112,534,low
150/92 2019-02-06_20-32.png,768,574,468,519,543,568,medium
300/103 2019-02-06_20-32.png,768,574,406,63,472,109,low
300/103 2019-02-06_20-32.png,768,574,73,140,130,183,low
300/103 2019-02-06_20-32.png,768,574,389,234,574,288,high
300/103 2019-02-06_20-32.png,768,574,203,351,273,393,medium
300/103 2019-02-06_20-32.png,768,574,399,186,590,231,high
300/104 2019-02-06_20-32.png,768,574,169,73,226,115,low
300/104 2019-02-06_20-32.png,768,574,343,121,466,168,medium
300/104 2019-02-06_20-32.png,768,574,430,298,643,367,high
300/105 2019-02-06_20-32.png,768,574,254,200,411,264,high
300/105 2019-02-06_20-32.png,768,574,409,326,594,389,high
300/105 2019-02-06_20-32.png,768,574,174,321,342,389,high
300/106 2019-02-06_20-32.png,768,574,416,90,575,161,high
300/106 2019-02-06_20-32.png,768,574,588,469,663,518,medium
300/106 2019-02-06_20-32.png,768,574,240,455,403,523,high
300/108 2019-02-06_20-32.png,768,574,446,84,622,155,medium
300/108 2019-02-06_20-32.png,768,574,265,97,445,170,high
300/108 2019-02-06_20-32.png,768,574,355,167,534,245,high
300/108 2019-02-06_20-32.png,768,574,460,303,645,408,high
300/109 2019-02-06_20-32.png,768,574,172,277,286,345,medium
300/109 2019-02-06_20-32.png,768,574,245,156,351,211,low
300/111 2019-02-06_20-32.png,768,574,230,20,291,66,low
300/111 2019-02-06_20-32.png,768,574,414,192,489,238,medium
300/111 2019-02-06_20-32.png,768,574,309,175,377,227,medium
300/111 2019-02-06_20-32.png,768,574,156,525,214,565,medium
300/113 2019-02-06_20-32.png,768,574,275,146,332,198,low
300/113 2019-02-06_20-32.png,768,574,73,293,132,334,low
300/113 2019-02-06_20-32.png,768,574,257,305,325,350,low
300/113 2019-02-06_20-32.png,768,574,343,304,507,367,high
300/114 2019-02-06_20-32.png,768,574,350,17,422,67,medium
300/114 2019-02-06_20-32.png,768,574,240,290,294,336,low
300/115 2019-02-06_20-32.png,768,574,148,231,200,275,low
300/115 2019-02-06_20-32.png,768,574,50,332,106,374,low
300/116 2019-02-06_20-32.png,768,574,463,93,634,149,medium
300/116 2019-02-06_20-32.png,768,574,261,251,430,315,high
300/116 2019-02-06_20-32.png,768,574,5,449,57,488,low
300/117 2019-02-06_20-32.png,768,574,71,22,139,65,medium
300/117 2019-02-06_20-32.png,768,574,78,188,240,250,medium
300/119 2019-02-06_20-32.png,768,574,383,44,451,94,low
300/119 2019-02-06_20-32.png,768,574,319,153,479,219,medium
300/119 2019-02-06_20-32.png,768,574,254,275,313,321,low
300/119 2019-02-06_20-32.png,768,574,75,307,161,354,medium
300/119 2019-02-06_20-32.png,768,574,30,314,95,351,low
300/119 2019-02-06_20-32.png,768,574,47,352,115,395,medium
300/119 2019-02-06_20-32.png,768,574,630,385,740,448,medium
300/119 2019-02-06_20-32.png,768,574,202,382,384,440,high
300/121 2019-02-06_20-32.png,768,574,440,282,527,327,medium
300/121 2019-02-06_20-32.png,768,574,391,501,477,566,low
300/123 2019-02-06_20-32.png,768,574,170,157,332,215,high
300/123 2019-02-06_20-32.png,768,574,100,196,161,239,low
300/123 2019-02-06_20-32.png,768,574,437,288,596,357,medium
300/123 2019-02-06_20-32.png,768,574,689,423,763,476,low
300/125 2019-02-06_20-32.png,768,574,506,77,576,128,low
300/125 2019-02-06_20-32.png,768,574,153,55,206,91,medium
300/125 2019-02-06_20-32.png,768,574,33,256,84,294,low
300/125 2019-02-06_20-32.png,768,574,214,430,270,474,low
300/126 2019-02-06_20-32.png,768,574,18,183,70,224,low
300/126 2019-02-06_20-32.png,768,574,289,298,460,359,high
300/127 2019-02-06_20-32.png,768,574,288,143,365,190,medium
300/127 2019-02-06_20-32.png,768,574,482,167,616,236,high
300/127 2019-02-06_20-32.png,768,574,138,224,190,264,low
300/127 2019-02-06_20-32.png,768,574,566,466,746,543,medium
300/129 2019-02-06_20-32.png,768,574,291,136,371,185,low
300/129 2019-02-06_20-32.png,768,574,416,148,489,224,medium
300/129 2019-02-06_20-32.png,768,574,52,160,114,206,medium
300/129 2019-02-06_20-32.png,768,574,195,228,263,276,low
300/129 2019-02-06_20-32.png,768,574,533,354,706,433,high
300/131 2019-02-06_20-32.png,768,574,234,180,288,215,low
300/131 2019-02-06_20-32.png,768,574,554,350,721,431,medium
300/131 2019-02-06_20-32.png,768,574,299,404,346,437,low
300/131 2019-02-06_20-32.png,768,574,648,525,711,571,low
300/135 2019-02-06_20-32.png,768,574,331,145,409,206,medium
300/135 2019-02-06_20-32.png,768,574,420,43,506,78,medium
300/135 2019-02-06_20-32.png,768,574,63,302,123,356,low
300/135 2019-02-06_20-32.png,768,574,37,230,93,297,low
300/136 2019-02-06_20-32.png,768,574,397,243,560,286,high
300/136 2019-02-06_20-32.png,768,574,432,99,589,148,high
300/137 2019-02-06_20-32.png,768,574,184,109,350,180,high
300/137 2019-02-06_20-32.png,768,574,270,178,432,240,high
300/137 2019-02-06_20-32.png,768,574,603,73,755,124,medium
300/137 2019-02-06_20-32.png,768,574,33,80,156,173,medium
300/138 2019-02-06_20-32.png,768,574,114,53,184,99,medium
300/138 2019-02-06_20-32.png,768,574,198,160,266,205,low
300/138 2019-02-06_20-32.png,768,574,214,290,346,341,medium
300/138 2019-02-06_20-32.png,768,574,329,305,487,372,medium
300/138 2019-02-06_20-32.png,768,574,575,153,767,283,high
300/139 2019-02-06_20-32.png,768,574,198,50,256,90,medium
300/139 2019-02-06_20-32.png,768,574,305,167,410,220,medium
300/139 2019-02-06_20-32.png,768,574,227,190,295,230,medium
300/139 2019-02-06_20-32.png,768,574,101,237,152,273,low
300/139 2019-02-06_20-32.png,768,574,376,291,583,366,high
300/139 2019-02-06_20-32.png,768,574,279,508,519,570,high
300/139 2019-02-06_20-32.png,768,574,339,439,532,509,high
300/94 2019-02-06_20-32.png,768,574,224,121,283,160,medium
300/94 2019-02-06_20-32.png,768,574,141,152,194,193,low
300/94 2019-02-06_20-32.png,768,574,317,201,379,246,low
300/94 2019-02-06_20-32.png,768,574,542,46,726,158,high
450/144 2019-02-06_20-32.png,768,574,427,70,605,140,high
450/144 2019-02-06_20-32.png,768,574,17,183,72,221,medium
450/145 2019-02-06_20-32.png,768,574,318,35,502,93,high
450/145 2019-02-06_20-32.png,768,574,276,104,430,164,medium
450/145 2019-02-06_20-32.png,768,574,204,110,272,152,medium
450/145 2019-02-06_20-32.png,768,574,442,172,606,233,high
450/145 2019-02-06_20-32.png,768,574,28,281,83,319,medium
450/145 2019-02-06_20-32.png,768,574,365,355,520,439,high
450/145 2019-02-06_20-32.png,768,574,196,419,335,480,medium
450/145 2019-02-06_20-32.png,768,574,149,461,210,501,low
450/145 2019-02-06_20-32.png,768,574,244,192,410,276,high
450/146 2019-02-06_20-32.png,768,574,248,54,409,126,high
450/146 2019-02-06_20-32.png,768,574,80,131,224,190,medium
450/146 2019-02-06_20-32.png,768,574,33,177,82,210,low
450/147 2019-02-06_20-32.png,768,574,330,22,503,83,medium
450/147 2019-02-06_20-32.png,768,574,293,220,462,291,high
450/148 2019-02-06_20-32.png,768,574,120,143,297,220,high
450/148 2019-02-06_20-32.png,768,574,322,140,431,197,medium
450/148 2019-02-06_20-32.png,768,574,269,257,419,302,medium
450/149 2019-02-06_20-32.png,768,574,73,11,146,50,medium
450/149 2019-02-06_20-32.png,768,574,49,98,105,138,medium
450/149 2019-02-06_20-32.png,768,574,349,264,518,309,high
450/149 2019-02-06_20-32.png,768,574,532,332,705,374,high
450/149 2019-02-06_20-32.png,768,574,374,338,525,386,medium
450/150 2019-02-06_20-32.png,768,574,456,50,638,137,high
450/150 2019-02-06_20-32.png,768,574,229,104,402,158,medium
450/155 2019-02-06_20-32.png,768,574,404,111,549,173,medium
450/155 2019-02-06_20-32.png,768,574,208,114,349,179,high
450/155 2019-02-06_20-32.png,768,574,70,227,144,274,medium
450/155 2019-02-06_20-32.png,768,574,293,341,366,389,low
450/155 2019-02-06_20-32.png,768,574,352,491,428,546,medium
450/157 2019-02-06_20-32.png,768,574,147,225,303,295,high
450/157 2019-02-06_20-32.png,768,574,42,281,124,357,medium
450/157 2019-02-06_20-32.png,768,574,459,11,620,86,high
450/158 2019-02-06_20-32.png,768,574,544,141,666,184,medium
450/158 2019-02-06_20-32.png,768,574,581,178,710,227,medium
450/158 2019-02-06_20-32.png,768,574,359,452,500,509,high
450/158 2019-02-06_20-32.png,768,574,132,462,315,563,high
450/158 2019-02-06_20-32.png,768,574,182,246,303,295,medium
450/158 2019-02-06_20-32.png,768,574,261,86,331,123,medium
450/158 2019-02-06_20-32.png,768,574,116,168,202,233,medium
450/158 2019-02-06_20-32.png,768,574,440,111,573,148,medium
450/159 2019-02-06_20-32.png,768,574,208,197,336,243,medium
450/159 2019-02-06_20-32.png,768,574,351,111,511,183,high
450/159 2019-02-06_20-32.png,768,574,402,178,561,240,high
450/159 2019-02-06_20-32.png,768,574,428,315,599,389,high
450/159 2019-02-06_20-32.png,768,574,223,41,362,84,medium
450/159 2019-02-06_20-32.png,768,574,340,291,401,371,medium
450/160 2019-02-06_20-32.png,768,574,9,23,63,58,medium
450/160 2019-02-06_20-32.png,768,574,129,26,190,68,medium
450/160 2019-02-06_20-32.png,768,574,288,63,467,118,high
450/160 2019-02-06_20-32.png,768,574,556,121,703,173,medium
450/160 2019-02-06_20-32.png,768,574,114,167,172,207,medium
450/160 2019-02-06_20-32.png,768,574,330,193,504,255,high
450/160 2019-02-06_20-32.png,768,574,270,330,340,375,medium
450/160 2019-02-06_20-32.png,768,574,389,435,577,483,medium
450/162 2019-02-06_20-32.png,768,574,455,164,635,256,high
450/162 2019-02-06_20-32.png,768,574,118,117,260,181,medium
450/162 2019-02-06_20-32.png,768,574,87,29,242,89,high
450/164 2019-02-06_20-32.png,768,574,259,99,420,144,high
450/164 2019-02-06_20-32.png,768,574,172,272,276,341,medium
450/164 2019-02-06_20-32.png,768,574,390,416,523,482,medium
450/164 2019-02-06_20-32.png,768,574,553,437,690,509,medium
450/164 2019-02-06_20-32.png,768,574,164,211,315,273,medium
450/164 2019-02-06_20-32.png,768,574,47,483,245,560,medium
450/165 2019-02-06_20-32.png,768,574,149,101,332,179,high
450/165 2019-02-06_20-32.png,768,574,298,215,474,295,medium
450/165 2019-02-06_20-32.png,768,574,116,292,270,382,high
450/166 2019-02-06_20-32.png,768,574,112,117,238,199,medium
450/170 2019-02-06_20-32.png,768,574,81,184,237,240,medium
450/170 2019-02-06_20-32.png,768,574,139,316,196,359,medium
450/170 2019-02-06_20-32.png,768,574,351,421,502,486,medium
450/170 2019-02-06_20-32.png,768,574,81,184,237,240,medium
450/170 2019-02-06_20-32.png,768,574,139,316,196,359,medium
450/170 2019-02-06_20-32.png,768,574,351,421,502,486,medium
450/171 2019-02-06_20-32.png,768,574,318,33,465,107,high
450/171 2019-02-06_20-32.png,768,574,313,134,473,202,high
450/171 2019-02-06_20-32.png,768,574,349,232,517,302,high
450/172 2019-02-06_20-32.png,768,574,195,303,436,398,high
450/172 2019-02-06_20-32.png,768,574,286,492,471,559,medium
450/173 2019-02-06_20-32.png,768,574,235,129,296,180,medium
450/173 2019-02-06_20-32.png,768,574,545,143,725,229,high
450/173 2019-02-06_20-32.png,768,574,341,126,484,192,high
450/174 2019-02-06_20-32.png,768,574,273,158,438,211,high
450/174 2019-02-06_20-32.png,768,574,258,224,441,277,high
450/174 2019-02-06_20-32.png,768,574,99,162,270,226,high
450/176 2019-02-06_20-32.png,768,574,371,93,536,149,medium
450/176 2019-02-06_20-32.png,768,574,267,163,417,213,medium
450/176 2019-02-06_20-32.png,768,574,307,259,462,319,medium
450/176 2019-02-06_20-32.png,768,574,217,285,282,330,medium
450/176 2019-02-06_20-32.png,768,574,276,459,364,514,medium
450/177 2019-02-06_20-32.png,768,574,330,92,414,144,medium
450/177 2019-02-06_20-32.png,768,574,34,161,95,201,medium
450/177 2019-02-06_20-32.png,768,574,487,206,666,276,high
450/177 2019-02-06_20-32.png,768,574,102,249,162,296,low
450/177 2019-02-06_20-32.png,768,574,81,494,138,538,low
450/177 2019-02-06_20-32.png,768,574,365,466,539,541,high
450/178 2019-02-06_20-32.png,768,574,263,58,334,107,medium
450/178 2019-02-06_20-32.png,768,574,303,147,463,203,medium
450/178 2019-02-06_20-32.png,768,574,213,179,278,224,medium
450/178 2019-02-06_20-32.png,768,574,272,364,341,407,medium
450/178 2019-02-06_20-32.png,768,574,407,407,579,467,high
450/181 2019-02-06_20-32.png,768,574,220,144,285,194,medium
450/181 2019-02-06_20-32.png,768,574,570,205,723,274,medium
450/181 2019-02-06_20-32.png,768,574,242,240,398,311,medium
450/181 2019-02-06_20-32.png,768,574,77,251,232,317,high
450/181 2019-02-06_20-32.png,768,574,234,312,401,363,high
450/182 2019-02-06_20-32.png,768,574,106,81,217,130,medium
450/182 2019-02-06_20-32.png,768,574,520,167,621,222,medium
450/182 2019-02-06_20-32.png,768,574,267,157,339,217,medium
450/182 2019-02-06_20-32.png,768,574,317,212,401,265,medium
450/182 2019-02-06_20-32.png,768,574,14,303,81,344,medium
450/182 2019-02-06_20-32.png,768,574,141,430,290,494,medium
450/182 2019-02-06_20-32.png,768,574,394,466,552,533,medium
600/186 2019-02-06_20-32.png,768,574,327,350,557,411,medium
600/186 2019-02-06_20-32.png,768,574,180,497,414,553,high
600/186 2019-02-06_20-32.png,768,574,465,48,683,130,high
600/186 2019-02-06_20-32.png,768,574,231,56,318,115,medium
600/188 2019-02-06_20-32.png,768,574,367,55,570,110,high
600/188 2019-02-06_20-32.png,768,574,88,118,281,174,high
600/188 2019-02-06_20-32.png,768,574,350,169,535,223,high
600/196 2019-02-06_20-32.png,768,574,346,226,557,292,high
600/196 2019-02-06_20-32.png,768,574,300,138,483,198,high
600/197 2019-02-06_20-32.png,768,574,261,267,444,333,high
600/197 2019-02-06_20-32.png,768,574,355,331,577,385,high
600/197 2019-02-06_20-32.png,768,574,93,205,157,256,low
600/198 2019-02-06_20-32.png,768,574,391,234,584,313,high
600/198 2019-02-06_20-32.png,768,574,361,325,545,397,high
600/198 2019-02-06_20-32.png,768,574,127,162,337,241,high
600/199 2019-02-06_20-32.png,768,574,552,488,739,551,high
600/199 2019-02-06_20-32.png,768,574,305,153,466,221,high
600/199 2019-02-06_20-32.png,768,574,71,236,212,296,medium
600/201 2019-02-06_20-32.png,768,574,359,228,554,333,high
600/201 2019-02-06_20-32.png,768,574,267,438,475,509,high
600/201 2019-02-06_20-32.png,768,574,3,388,152,459,high
600/201 2019-02-06_20-32.png,768,574,491,35,616,91,medium
600/202 2019-02-06_20-32.png,768,574,357,85,522,162,high
600/202 2019-02-06_20-32.png,768,574,516,212,675,273,medium
600/202 2019-02-06_20-32.png,768,574,324,256,489,344,high
600/203 2019-02-06_20-32.png,768,574,187,179,331,228,medium
600/203 2019-02-06_20-32.png,768,574,200,351,351,392,medium
600/206 2019-02-06_20-32.png,768,574,120,145,253,193,medium
600/206 2019-02-06_20-32.png,768,574,345,52,518,109,high
600/208 2019-02-06_20-32.png,768,574,87,25,233,75,high
600/208 2019-02-06_20-32.png,768,574,350,50,498,138,medium
600/208 2019-02-06_20-32.png,768,574,20,70,84,115,medium
600/208 2019-02-06_20-32.png,768,574,159,137,308,192,high
600/208 2019-02-06_20-32.png,768,574,257,200,408,260,high
600/208 2019-02-06_20-32.png,768,574,185,327,334,387,medium
600/208 2019-02-06_20-32.png,768,574,19,515,179,564,medium
600/209 2019-02-06_20-32.png,768,574,333,83,400,126,medium
600/209 2019-02-06_20-32.png,768,574,559,214,700,264,medium
600/209 2019-02-06_20-32.png,768,574,611,264,768,321,high
600/209 2019-02-06_20-32.png,768,574,158,349,222,392,medium
600/209 2019-02-06_20-32.png,768,574,47,355,107,397,medium
600/209 2019-02-06_20-32.png,768,574,274,409,417,468,medium
600/211 2019-02-06_20-32.png,768,574,360,291,568,351,high
600/211 2019-02-06_20-32.png,768,574,244,425,450,487,high
600/211 2019-02-06_20-32.png,768,574,465,355,657,410,high
600/212 2019-02-06_20-32.png,768,574,316,429,518,504,high
600/212 2019-02-06_20-32.png,768,574,548,94,737,166,high
600/212 2019-02-06_20-32.png,768,574,208,180,387,253,medium
600/215 2019-02-06_20-32.png,768,574,419,277,566,345,medium
600/215 2019-02-06_20-32.png,768,574,309,207,381,262,medium
600/215 2019-02-06_20-32.png,768,574,195,215,259,274,medium
600/215 2019-02-06_20-32.png,768,574,182,86,357,142,high
600/216 2019-02-06_20-32.png,768,574,317,77,479,145,medium
600/216 2019-02-06_20-32.png,768,574,261,194,446,265,high
600/216 2019-02-06_20-32.png,768,574,85,214,232,267,high
600/217 2019-02-06_20-32.png,768,574,395,214,584,295,medium
600/219 2019-02-06_20-32.png,768,574,124,76,185,118,low
600/219 2019-02-06_20-32.png,768,574,328,297,517,382,high
600/219 2019-02-06_20-32.png,768,574,472,441,677,515,high
600/219 2019-02-06_20-32.png,768,574,100,131,281,192,high
600/223 2019-02-06_20-32.png,768,574,341,344,545,401,high
600/224 2019-02-06_20-32.png,768,574,80,139,131,177,medium
600/224 2019-02-06_20-32.png,768,574,378,277,559,353,high
600/224 2019-02-06_20-32.png,768,574,533,361,608,405,medium
600/224 2019-02-06_20-32.png,768,574,284,456,337,496,medium
600/225 2019-02-06_20-32.png,768,574,433,62,587,122,high
600/225 2019-02-06_20-32.png,768,574,240,111,394,156,medium
600/225 2019-02-06_20-32.png,768,574,265,199,429,255,medium
600/225 2019-02-06_20-32.png,768,574,224,268,377,321,medium
600/225 2019-02-06_20-32.png,768,574,290,339,443,401,high
600/225 2019-02-06_20-32.png,768,574,623,380,766,429,medium
600/225 2019-02-06_20-32.png,768,574,579,432,728,479,medium
600/225 2019-02-06_20-32.png,768,574,492,501,647,562,high
600/226 2019-02-06_20-32.png,768,574,380,194,532,259,high
600/226 2019-02-06_20-32.png,768,574,251,200,325,246,medium
600/226 2019-02-06_20-32.png,768,574,274,438,406,494,medium
600/226 2019-02-06_20-32.png,768,574,175,289,336,346,high
600/227 2019-02-06_20-32.png,768,574,236,109,405,197,high
600/227 2019-02-06_20-32.png,768,574,188,300,365,371,high
600/230 2019-02-06_20-32.png,768,574,303,81,473,152,high
600/230 2019-02-06_20-32.png,768,574,141,96,310,166,medium
600/231 2019-02-06_20-32.png,768,574,177,65,241,108,medium
600/231 2019-02-06_20-32.png,768,574,282,136,428,191,high
600/231 2019-02-06_20-32.png,768,574,486,291,647,366,high
600/231 2019-02-06_20-32.png,768,574,387,427,551,500,high
750/232 2019-02-06_20-32.png,768,574,550,27,749,96,high
750/232 2019-02-06_20-32.png,768,574,319,117,406,169,medium
750/232 2019-02-06_20-32.png,768,574,214,128,276,166,medium
750/232 2019-02-06_20-32.png,768,574,223,249,281,286,medium
750/232 2019-02-06_20-32.png,768,574,256,333,315,371,medium
750/232 2019-02-06_20-32.png,768,574,326,360,385,399,medium
750/232 2019-02-06_20-32.png,768,574,619,479,686,520,medium
750/232 2019-02-06_20-32.png,768,574,345,500,406,540,medium
750/232 2019-02-06_20-32.png,768,574,621,517,684,560,medium
750/236 2019-02-06_20-32.png,768,574,529,288,703,354,high
750/236 2019-02-06_20-32.png,768,574,400,133,563,217,high
750/236 2019-02-06_20-32.png,768,574,36,358,207,425,high
750/238 2019-02-06_20-32.png,768,574,58,5,125,50,medium
750/238 2019-02-06_20-32.png,768,574,290,113,429,158,medium
750/238 2019-02-06_20-32.png,768,574,474,237,640,302,high
750/238 2019-02-06_20-32.png,768,574,138,362,288,417,high
750/238 2019-02-06_20-32.png,768,574,551,403,704,466,high
750/238 2019-02-06_20-32.png,768,574,285,20,442,82,high
750/240 2019-02-06_20-32.png,768,574,84,49,151,91,medium
750/240 2019-02-06_20-32.png,768,574,399,107,539,164,medium
750/240 2019-02-06_20-32.png,768,574,276,133,344,182,medium
750/240 2019-02-06_20-32.png,768,574,370,230,452,277,medium
750/240 2019-02-06_20-32.png,768,574,114,252,253,308,high
750/240 2019-02-06_20-32.png,768,574,530,282,693,328,high
750/240 2019-02-06_20-32.png,768,574,408,449,546,513,high
750/240 2019-02-06_20-32.png,768,574,215,450,350,517,high
750/241 2019-02-06_20-32.png,768,574,48,158,225,221,high
750/241 2019-02-06_20-32.png,768,574,531,179,679,252,high
750/241 2019-02-06_20-32.png,768,574,348,181,488,259,high
750/242 2019-02-06_20-32.png,768,574,528,112,675,172,high
750/242 2019-02-06_20-32.png,768,574,177,192,247,234,medium
750/242 2019-02-06_20-32.png,768,574,294,183,431,242,medium
750/242 2019-02-06_20-32.png,768,574,541,281,672,333,medium
750/242 2019-02-06_20-32.png,768,574,202,309,274,354,medium
750/242 2019-02-06_20-32.png,768,574,133,426,302,493,medium
750/242 2019-02-06_20-32.png,768,574,53,453,105,488,medium
750/242 2019-02-06_20-32.png,768,574,521,468,681,527,medium
750/242 2019-02-06_20-32.png,768,574,115,512,275,569,high
750/245 2019-02-06_20-32.png,768,574,382,158,455,204,medium
750/245 2019-02-06_20-32.png,768,574,115,200,168,236,medium
750/245 2019-02-06_20-32.png,768,574,333,201,506,280,high
750/245 2019-02-06_20-32.png,768,574,339,309,494,374,high
750/245 2019-02-06_20-32.png,768,574,124,517,170,551,medium
750/245 2019-02-06_20-32.png,768,574,275,514,438,574,medium
750/245 2019-02-06_20-32.png,768,574,160,442,326,506,high
750/246 2019-02-06_20-32.png,768,574,408,389,590,469,high
750/246 2019-02-06_20-32.png,768,574,228,215,373,280,medium
750/246 2019-02-06_20-32.png,768,574,24,370,205,425,high
750/247 2019-02-06_20-32.png,768,574,135,136,321,204,high
750/247 2019-02-06_20-32.png,768,574,498,293,671,355,high
750/248 2019-02-06_20-32.png,768,574,105,229,261,292,medium
750/248 2019-02-06_20-32.png,768,574,267,273,415,324,medium
750/249 2019-02-06_20-32.png,768,574,237,37,330,92,medium
750/249 2019-02-06_20-32.png,768,574,417,44,546,101,medium
750/249 2019-02-06_20-32.png,768,574,290,177,519,237,medium
750/249 2019-02-06_20-32.png,768,574,376,341,641,403,high
750/250 2019-02-06_20-32.png,768,574,178,34,333,108,high
750/250 2019-02-06_20-32.png,768,574,369,132,525,187,high
750/250 2019-02-06_20-32.png,768,574,201,166,361,232,high
750/250 2019-02-06_20-32.png,768,574,338,305,502,369,high
750/250 2019-02-06_20-32.png,768,574,164,453,320,499,high
750/251 2019-02-06_20-32.png,768,574,337,306,504,358,high
750/251 2019-02-06_20-32.png,768,574,288,411,459,465,high
750/251 2019-02-06_20-32.png,768,574,156,111,298,171,high
750/251 2019-02-06_20-32.png,768,574,314,142,462,194,medium
750/252 2019-02-06_20-32.png,768,574,285,114,429,156,high
750/252 2019-02-06_20-32.png,768,574,328,161,478,216,high
750/252 2019-02-06_20-32.png,768,574,533,165,680,220,high
750/252 2019-02-06_20-32.png,768,574,196,320,332,379,high
750/252 2019-02-06_20-32.png,768,574,470,363,637,424,high
750/257 2019-02-06_20-32.png,768,574,419,13,586,82,high
750/257 2019-02-06_20-32.png,768,574,372,312,554,376,high
750/260 2019-02-06_20-32.png,768,574,299,97,453,157,medium
750/260 2019-02-06_20-32.png,768,574,13,118,169,176,high
750/260 2019-02-06_20-32.png,768,574,431,187,595,259,high
750/260 2019-02-06_20-32.png,768,574,188,244,365,311,high
750/260 2019-02-06_20-32.png,768,574,472,286,628,363,high
750/262 2019-02-06_20-32.png,768,574,289,241,442,296,high
750/262 2019-02-06_20-32.png,768,574,349,344,505,401,high
750/262 2019-02-06_20-32.png,768,574,392,457,575,526,high
750/263 2019-02-06_20-32.png,768,574,406,97,548,150,high
750/263 2019-02-06_20-32.png,768,574,267,112,403,153,high
750/263 2019-02-06_20-32.png,768,574,282,177,396,217,medium
750/263 2019-02-06_20-32.png,768,574,606,179,754,244,high
750/263 2019-02-06_20-32.png,768,574,407,210,562,264,high
750/263 2019-02-06_20-32.png,768,574,217,239,279,283,medium
750/263 2019-02-06_20-32.png,768,574,533,429,660,481,medium
750/264 2019-02-06_20-32.png,768,574,387,128,554,187,high
750/264 2019-02-06_20-32.png,768,574,347,190,499,236,high
750/264 2019-02-06_20-32.png,768,574,405,391,556,439,high
750/264 2019-02-06_20-32.png,768,574,104,525,153,556,medium
750/264 2019-02-06_20-32.png,768,574,483,59,657,134,high
750/265 2019-02-06_20-32.png,768,574,272,94,428,149,medium
750/265 2019-02-06_20-32.png,768,574,589,43,759,111,high
750/265 2019-02-06_20-32.png,768,574,533,186,691,250,high
750/265 2019-02-06_20-32.png,768,574,242,252,396,305,high
750/265 2019-02-06_20-32.png,768,574,179,339,325,387,medium
750/265 2019-02-06_20-32.png,768,574,563,415,716,487,high
750/266 2019-02-06_20-32.png,768,574,385,57,554,114,high
750/266 2019-02-06_20-32.png,768,574,17,108,67,137,low
750/266 2019-02-06_20-32.png,768,574,301,164,466,205,high
750/266 2019-02-06_20-32.png,768,574,219,311,388,385,medium
750/266 2019-02-06_20-32.png,768,574,394,430,559,475,high
750/267 2019-02-06_20-32.png,768,574,395,80,461,124,medium
750/267 2019-02-06_20-32.png,768,574,187,155,254,200,medium
750/267 2019-02-06_20-32.png,768,574,293,252,445,304,high
750/267 2019-02-06_20-32.png,768,574,545,279,714,337,high
750/268 2019-02-06_20-32.png,768,574,120,53,187,108,medium
750/274 2019-02-06_20-32.png,768,574,430,97,572,153,high
750/274 2019-02-06_20-32.png,768,574,263,92,415,169,high
750/274 2019-02-06_20-32.png,768,574,244,294,418,355,high
750/276 2019-02-06_20-32.png,768,574,311,39,383,79,medium
750/276 2019-02-06_20-32.png,768,574,414,113,497,162,medium
750/276 2019-02-06_20-32.png,768,574,596,119,754,179,high
750/276 2019-02-06_20-32.png,768,574,332,245,476,300,high
750/276 2019-02-06_20-32.png,768,574,59,287,116,327,medium
900/278 2019-02-06_20-32.png,768,574,118,196,270,234,medium
900/278 2019-02-06_20-32.png,768,574,275,176,446,242,medium
900/279 2019-02-06_20-32.png,768,574,192,130,360,190,high
900/283 2019-02-06_20-32.png,768,574,119,179,327,242,high
900/283 2019-02-06_20-32.png,768,574,355,154,553,210,high
900/284 2019-02-06_20-32.png,768,574,473,382,691,459,high
900/284 2019-02-06_20-32.png,768,574,524,100,725,155,high
900/284 2019-02-06_20-32.png,768,574,140,471,318,541,medium
900/285 2019-02-06_20-32.png,768,574,129,197,315,265,high
900/285 2019-02-06_20-32.png,768,574,360,176,561,228,high
900/288 2019-02-06_20-32.png,768,574,274,44,495,131,medium
900/288 2019-02-06_20-32.png,768,574,549,94,745,166,high
900/288 2019-02-06_20-32.png,768,574,443,190,631,268,high
900/288 2019-02-06_20-32.png,768,574,552,463,737,538,high
900/289 2019-02-06_20-32.png,768,574,422,5,639,127,high
900/289 2019-02-06_20-32.png,768,574,346,308,557,374,high
900/293 2019-02-06_20-32.png,768,574,303,155,489,236,high
900/293 2019-02-06_20-32.png,768,574,166,412,336,483,high
900/296 2019-02-06_20-32.png,768,574,529,132,728,215,high
900/296 2019-02-06_20-32.png,768,574,33,263,99,298,medium
900/297 2019-02-06_20-32.png,768,574,370,25,563,102,high
900/297 2019-02-06_20-32.png,768,574,186,158,339,216,high
900/297 2019-02-06_20-32.png,768,574,574,328,731,396,high
900/297 2019-02-06_20-32.png,768,574,364,405,548,474,high
900/298 2019-02-06_20-32.png,768,574,361,38,522,105,high
900/298 2019-02-06_20-32.png,768,574,416,282,611,368,high
900/298 2019-02-06_20-32.png,768,574,158,370,311,445,high
900/300 2019-02-06_20-32.png,768,574,298,100,446,146,high
900/300 2019-02-06_20-32.png,768,574,476,337,656,405,high
900/300 2019-02-06_20-32.png,768,574,127,310,289,376,high
900/301 2019-02-06_20-32.png,768,574,235,101,402,168,high
900/301 2019-02-06_20-32.png,768,574,369,278,554,342,high
900/302 2019-02-06_20-32.png,768,574,345,36,428,84,medium
900/302 2019-02-06_20-32.png,768,574,139,111,322,170,high
900/302 2019-02-06_20-32.png,768,574,91,217,236,266,medium
900/302 2019-02-06_20-32.png,768,574,431,302,584,372,high
900/302 2019-02-06_20-32.png,768,574,579,310,749,409,high
900/303 2019-02-06_20-32.png,768,574,157,141,314,203,high
900/303 2019-02-06_20-32.png,768,574,538,278,704,362,medium
900/303 2019-02-06_20-32.png,768,574,378,305,542,375,high
900/303 2019-02-06_20-32.png,768,574,269,495,419,559,high
900/305 2019-02-06_20-32.png,768,574,118,60,286,128,high
900/305 2019-02-06_20-32.png,768,574,169,196,350,251,high
900/305 2019-02-06_20-32.png,768,574,422,280,592,358,high
900/305 2019-02-06_20-32.png,768,574,241,297,407,365,high
900/305 2019-02-06_20-32.png,768,574,402,373,552,450,high
900/306 2019-02-06_20-32.png,768,574,167,57,333,148,medium
900/308 2019-02-06_20-32.png,768,574,108,102,259,165,high
900/308 2019-02-06_20-32.png,768,574,293,164,485,235,high
900/308 2019-02-06_20-32.png,768,574,531,426,705,502,high
